,category,number_of_comments,fraction,percentages
0,toxic,15294,0.09584448302009764,9.6
1,severe_toxic,1595,0.009995550569965721,1.0
2,obscene,8449,0.052948217407925,5.3
3,threat,478,0.002995531769557125,0.3
4,insult,7877,0.04936360616904074,4.9
5,identity_hate,1405,0.00880485802558109,0.9
6,no_labels,143346,0.8983211235124177,89.8
